City_ID,City,Country,Date,Lat,Lng,Max Temp,Humidity,Cloudiness,Wind Speed,Current Description
0,Salinas,US,2022-04-11 00:24:45,36.6777,-121.6555,72.01,53,0,18.41,clear sky
1,Hermanus,ZA,2022-04-11 00:24:45,-34.4187,19.2345,62.8,90,5,11.5,clear sky
2,Hithadhoo,MV,2022-04-11 00:23:36,-0.6,73.0833,83.53,67,17,13.27,few clouds
3,Bredasdorp,ZA,2022-04-11 00:24:45,-34.5322,20.0403,61.97,94,13,5.88,few clouds
4,Port Alfred,ZA,2022-04-11 00:24:46,-33.5906,26.891,65.17,87,100,5.01,overcast clouds
5,Souillac,MU,2022-04-11 00:24:46,-20.5167,57.5167,77.38,78,40,14.97,light rain
6,Smithfield,US,2022-04-11 00:24:46,41.922,-71.5495,47.46,54,100,8.05,overcast clouds
7,Tiznit,MA,2022-04-11 00:24:47,29.5833,-9.5,64.2,63,39,1.99,scattered clouds
8,Punta Arenas,CL,2022-04-11 00:24:16,-53.15,-70.9167,44.71,81,75,4.61,broken clouds
9,Husavik,IS,2022-04-11 00:24:47,66.0449,-17.3389,30.67,84,100,0.65,overcast clouds
10,Svetla Nad Sazavou,CZ,2022-04-11 00:24:47,49.668,15.4039,35.19,90,70,7.07,broken clouds
11,Margate,GB,2022-04-11 00:24:48,51.3813,1.3862,46.69,80,100,3.0,overcast clouds
12,Guanica,PR,2022-04-11 00:24:48,17.9716,-66.908,80.13,80,82,3.06,broken clouds
13,Aleksandrov Gay,RU,2022-04-11 00:24:48,50.147,48.5704,48.78,86,13,4.9,few clouds
14,Dikson,RU,2022-04-11 00:24:39,73.5069,80.5464,-8.23,100,100,4.5,overcast clouds
15,Saint-Philippe,RE,2022-04-11 00:24:49,-21.3585,55.7679,76.59,82,54,14.29,light rain
16,Bambous Virieux,MU,2022-04-11 00:21:40,-20.3428,57.7575,77.25,78,40,14.97,light rain
17,Ust-Tsilma,RU,2022-04-11 00:24:49,65.441,52.1498,37.36,97,100,8.63,overcast clouds
18,Cockburn Town,TC,2022-04-11 00:24:49,21.4612,-71.1419,78.82,77,65,16.22,broken clouds
19,Victoria,HK,2022-04-11 00:19:59,22.2855,114.1577,75.96,81,6,3.0,clear sky
20,Clyde River,CA,2022-04-11 00:24:50,70.4692,-68.5914,-1.97,84,75,3.44,broken clouds
21,Ushuaia,AR,2022-04-11 00:21:07,-54.8,-68.3,42.46,70,75,3.44,broken clouds
22,Qaanaaq,GL,2022-04-11 00:24:50,77.484,-69.3632,-6.84,75,33,6.71,scattered clouds
23,Charlestown,AU,2022-04-11 00:24:51,-32.95,151.6667,78.03,73,5,1.99,clear sky
24,Les Cayes,HT,2022-04-11 00:24:51,18.2,-73.75,76.69,81,49,3.96,scattered clouds
25,Abu Samrah,SY,2022-04-11 00:24:51,35.3029,37.1841,59.27,59,48,3.22,scattered clouds
26,Busselton,AU,2022-04-11 00:24:51,-33.65,115.3333,54.82,78,74,8.43,broken clouds
27,Calais,FR,2022-04-11 00:24:52,50.9167,1.8333,44.02,69,99,10.45,overcast clouds
28,Upernavik,GL,2022-04-11 00:24:52,72.7868,-56.1549,3.43,86,100,6.53,overcast clouds
29,Pedernales,DO,2022-04-11 00:24:52,18.0384,-71.744,79.81,76,58,6.08,broken clouds
30,Torres,BR,2022-04-11 00:23:44,-29.3353,-49.7269,72.82,94,100,9.01,overcast clouds
31,Heinola,FI,2022-04-11 00:24:53,61.2056,26.0381,35.01,95,100,12.21,overcast clouds
32,Cape Town,ZA,2022-04-11 00:24:53,-33.9258,18.4232,65.12,73,0,1.14,clear sky
33,Maniitsoq,GL,2022-04-11 00:24:53,65.4167,-52.9,27.16,82,100,10.11,overcast clouds
34,Adrar,MR,2022-04-11 00:24:32,20.5022,-10.0711,79.14,7,2,10.2,clear sky
35,Ribeira Grande,PT,2022-04-11 00:24:54,38.5167,-28.7,57.9,67,100,29.44,overcast clouds
36,Sinnamary,GF,2022-04-11 00:21:32,5.3833,-52.95,77.86,87,80,12.12,broken clouds
37,Boende,CD,2022-04-11 00:24:54,-0.2167,20.8667,71.13,98,100,2.17,light rain
38,Soria,ES,2022-04-11 00:24:55,41.6667,-2.6667,49.86,100,28,4.81,scattered clouds
39,Vanersborg,SE,2022-04-11 00:24:55,58.3807,12.3234,35.55,80,0,4.61,clear sky
40,Pontes E Lacerda,BR,2022-04-11 00:24:55,-15.2261,-59.3353,75.51,87,65,2.55,broken clouds
41,Georgetown,MY,2022-04-11 00:24:11,5.4112,100.3354,80.53,93,20,2.3,few clouds
42,Pailon,BO,2022-04-11 00:24:56,-17.65,-62.75,81.5,72,78,10.36,broken clouds
43,Sistranda,NO,2022-04-11 00:24:56,63.7256,8.834,37.36,77,100,34.72,overcast clouds
44,Pipri,IN,2022-04-11 00:25:56,19.8,75.5333,80.89,26,79,5.93,broken clouds
45,Anantapur,IN,2022-04-11 00:25:57,14.6833,77.6,79.57,59,95,4.65,overcast clouds
46,Patrocinio,BR,2022-04-11 00:25:57,-18.9439,-46.9925,71.46,76,100,2.39,overcast clouds
47,Thompson,CA,2022-04-11 00:22:09,55.7435,-97.8558,33.96,64,100,11.5,overcast clouds
48,Caravelas,BR,2022-04-11 00:25:57,-17.7125,-39.2481,77.85,83,34,6.4,scattered clouds
49,Sao Paulo De Olivenca,BR,2022-04-11 00:25:57,-3.3783,-68.8725,74.12,98,100,2.59,overcast clouds
50,Marsh Harbour,BS,2022-04-11 00:25:21,26.5412,-77.0636,68.95,56,0,13.09,clear sky
51,Jurado,CO,2022-04-11 00:25:58,7.1053,-77.7641,77.67,90,100,0.51,overcast clouds
52,Lamu,KE,2022-04-11 00:25:58,-2.2717,40.902,82.62,75,6,12.55,clear sky
53,Zlobin,HR,2022-04-11 00:25:58,45.2924,14.6541,38.5,68,20,2.3,few clouds
54,Tessalit,ML,2022-04-11 00:25:59,20.1986,1.0114,81.12,6,0,5.41,clear sky
55,Westerland,DE,2022-04-11 00:25:59,54.9079,8.3033,41.02,81,40,11.5,scattered clouds
56,Port Blair,IN,2022-04-11 00:26:00,11.6667,92.75,77.04,94,20,2.3,mist
57,Ilulissat,GL,2022-04-11 00:26:00,69.2167,-51.1,17.62,67,100,1.14,overcast clouds
58,Inhambane,MZ,2022-04-11 00:26:00,-23.865,35.3833,75.97,87,100,12.66,light rain
59,Jamestown,US,2022-04-11 00:22:07,42.097,-79.2353,37.18,54,0,10.36,clear sky
60,Buta,CD,2022-04-11 00:26:01,2.7858,24.73,68.47,99,100,3.65,light rain
61,Gao,ML,2022-04-11 00:26:01,16.6362,1.637,87.67,8,0,10.83,clear sky
62,Los Llanos De Aridane,ES,2022-04-11 00:25:01,28.6585,-17.9182,60.55,90,0,3.44,clear sky
63,Cidreira,BR,2022-04-11 00:26:01,-30.1811,-50.2056,71.96,88,100,19.84,overcast clouds
64,Arraial Do Cabo,BR,2022-04-11 00:26:02,-22.9661,-42.0278,75.81,82,26,4.92,scattered clouds
65,Acarau,BR,2022-04-11 00:24:29,-2.8856,-40.12,77.14,86,75,4.43,broken clouds
66,Berlevag,NO,2022-04-11 00:24:43,70.8578,29.0864,33.6,98,100,29.12,snow
67,Port Elizabeth,ZA,2022-04-11 00:26:03,-33.918,25.5701,66.09,96,20,11.5,few clouds
68,Chuy,UY,2022-04-11 00:26:04,-33.6971,-53.4616,68.2,88,38,12.21,scattered clouds
69,Montecchio Maggiore,IT,2022-04-11 00:26:04,45.5037,11.412,47.17,57,6,4.47,clear sky
70,Castro,BR,2022-04-11 00:26:05,-24.7911,-50.0119,61.34,77,45,5.06,scattered clouds
71,Savannah Bight,HN,2022-04-11 00:26:05,16.45,-85.85,79.27,76,60,19.73,broken clouds
72,Brigantine,US,2022-04-11 00:23:39,39.4101,-74.3646,47.05,54,40,11.5,scattered clouds
73,Hamilton,US,2022-04-11 00:25:08,39.1834,-84.5333,58.44,44,0,13.8,clear sky
74,Formosa,AR,2022-04-11 00:24:24,-26.1775,-58.1781,75.18,88,100,13.8,moderate rain
75,Kaabong,UG,2022-04-11 00:26:06,3.4836,34.1492,68.04,63,49,14.97,scattered clouds
76,Asosa,ET,2022-04-11 00:26:06,10.0667,34.5333,73.45,42,67,1.01,broken clouds
77,Naifaru,MV,2022-04-11 00:26:07,5.4444,73.3657,84.52,72,34,13.15,scattered clouds
78,Marevo,RU,2022-04-11 00:26:07,57.3146,32.0804,33.26,86,100,4.7,overcast clouds
79,Nirmal,IN,2022-04-11 00:26:08,19.1,78.35,84.36,38,79,3.09,broken clouds
80,Santa Rosa,PH,2022-04-11 00:22:19,14.3122,121.1114,82.38,75,100,3.53,overcast clouds
81,Mahebourg,MU,2022-04-11 00:26:08,-20.4081,57.7,77.29,78,40,14.97,scattered clouds
82,Jumla,NP,2022-04-11 00:26:08,29.2747,82.1838,47.95,49,4,4.27,clear sky
83,Saint George,US,2022-04-11 00:26:09,37.1041,-113.5841,69.64,8,0,9.22,clear sky
84,Gaoua,BF,2022-04-11 00:26:09,10.2992,-3.2508,90.95,29,42,5.99,scattered clouds
85,Rodrigues Alves,BR,2022-04-11 00:24:24,-7.738,-72.6509,77.2,93,99,2.77,overcast clouds
86,Turukhansk,RU,2022-04-11 00:26:09,65.8167,87.9833,-6.48,100,99,5.12,overcast clouds
87,Sikeston,US,2022-04-11 00:26:10,36.8767,-89.5879,75.24,38,0,14.97,clear sky
88,Hambantota,LK,2022-04-11 00:25:34,6.1241,81.1185,73.74,100,20,0.0,few clouds
89,Coquimbo,CL,2022-04-11 00:27:10,-29.9533,-71.3436,59.14,81,4,5.91,clear sky
90,Valparaiso,CL,2022-04-11 00:27:11,-33.0393,-71.6273,59.47,68,0,6.91,clear sky
91,Alto Araguaia,BR,2022-04-11 00:27:12,-17.3147,-53.2153,75.15,69,63,1.39,broken clouds
92,Ystad,SE,2022-04-11 00:27:12,55.4297,13.8204,36.34,74,7,14.88,clear sky
93,Olafsvik,IS,2022-04-11 00:27:12,64.8945,-23.7142,37.18,75,100,9.64,overcast clouds
94,Port Hawkesbury,CA,2022-04-11 00:27:13,45.6169,-61.3485,38.32,96,100,10.36,mist
95,La Rioja,ES,2022-04-11 00:27:13,42.25,-2.5,47.98,81,53,6.76,broken clouds
96,Tigzirt,DZ,2022-04-11 00:27:13,36.8886,4.1198,60.75,63,66,10.45,broken clouds
97,Acajutla,SV,2022-04-11 00:27:14,13.5928,-89.8275,84.29,62,61,5.88,broken clouds
98,Mporokoso,ZM,2022-04-11 00:27:14,-9.3727,30.125,59.59,95,86,5.06,light rain
99,Torbay,CA,2022-04-11 00:26:09,47.6666,-52.7314,34.29,95,100,13.8,mist
100,Qeshm,IR,2022-04-11 00:27:15,26.9581,56.2719,73.27,76,0,5.68,clear sky
101,Hofn,IS,2022-04-11 00:27:15,64.2539,-15.2082,35.67,68,100,4.05,overcast clouds
102,Bereda,ES,2022-04-11 00:27:16,43.2686,-7.5406,48.56,98,73,3.18,broken clouds
103,Shirgaon,IN,2022-04-11 00:27:16,19.7,72.7,79.68,74,85,6.38,overcast clouds
104,Carnarvon,AU,2022-04-11 00:27:17,-24.8667,113.6333,66.27,68,3,9.22,clear sky
105,Aksu,CN,2022-04-11 00:27:17,41.1231,80.2644,59.0,42,45,5.48,scattered clouds
106,Talnakh,RU,2022-04-11 00:27:17,69.4865,88.3972,-1.23,97,97,6.22,overcast clouds
107,Mar Del Plata,AR,2022-04-11 00:27:18,-38.0023,-57.5575,69.1,96,100,10.0,overcast clouds
108,Codrington,AU,2022-04-11 00:27:18,-38.2667,141.9667,61.38,51,84,11.99,broken clouds
109,Moose Factory,CA,2022-04-11 00:27:18,51.2585,-80.6094,26.6,86,0,6.91,clear sky
110,Vardo,NO,2022-04-11 00:27:19,70.3705,31.1107,34.16,100,100,24.27,snow
111,Salalah,OM,2022-04-11 00:27:19,17.0151,54.0924,78.89,78,0,3.44,clear sky
112,Bandarbeyla,SO,2022-04-11 00:27:20,9.4942,50.8122,78.78,81,9,0.83,clear sky
113,Riachao Das Neves,BR,2022-04-11 00:27:20,-11.7461,-44.91,75.6,37,3,1.9,clear sky
114,Manta,EC,2022-04-11 00:27:21,-0.95,-80.7333,80.38,78,75,8.05,broken clouds
115,Iqaluit,CA,2022-04-11 00:24:31,63.7506,-68.5145,24.53,79,100,6.91,light snow
116,Grand Gaube,MU,2022-04-11 00:27:21,-20.0064,57.6608,77.4,87,8,1.99,clear sky
117,Lebu,CL,2022-04-11 00:24:56,-37.6167,-73.65,50.54,82,23,9.84,few clouds
118,Comodoro Rivadavia,AR,2022-04-11 00:27:21,-45.8667,-67.5,49.86,81,0,6.91,clear sky
119,Saldanha,ZA,2022-04-11 00:27:22,-33.0117,17.9442,66.25,50,3,7.67,clear sky
120,Caucaia,BR,2022-04-11 00:27:22,-3.7361,-38.6531,78.75,83,20,4.61,few clouds
121,Bonfim,BR,2022-04-11 00:27:22,3.0833,-59.95,81.84,66,95,4.25,overcast clouds
122,Guia Lopes Da Laguna,BR,2022-04-11 00:27:23,-21.4578,-56.1142,82.92,54,68,4.14,broken clouds
123,Pangnirtung,CA,2022-04-11 00:27:23,66.1451,-65.7125,21.81,93,100,2.55,overcast clouds
124,Beberibe,BR,2022-04-11 00:23:03,-4.1797,-38.1306,76.84,88,72,6.31,broken clouds
125,Kavaratti,IN,2022-04-11 00:24:53,10.5669,72.642,83.39,75,96,8.34,overcast clouds
126,Geraldton,AU,2022-04-11 00:27:24,-28.7667,114.6,63.01,94,75,8.05,broken clouds
127,Antofagasta,CL,2022-04-11 00:22:24,-23.65,-70.4,61.16,86,14,6.49,few clouds
128,East London,ZA,2022-04-11 00:23:32,-33.0153,27.9116,64.72,88,100,10.98,light rain
129,Didwana,IN,2022-04-11 00:27:25,27.4,74.5667,79.02,17,17,11.34,few clouds
130,Bonthe,SL,2022-04-11 00:27:25,7.5264,-12.505,78.98,90,58,3.8,broken clouds
131,Itarema,BR,2022-04-11 00:27:25,-2.9248,-39.9167,76.12,89,87,3.53,overcast clouds
132,Marzuq,YE,2022-04-11 00:27:26,14.4,46.4667,69.13,34,2,5.5,clear sky
133,Longyearbyen,SJ,2022-04-11 00:25:05,78.2186,15.6401,10.24,56,0,23.02,clear sky
134,Tarabuco,BO,2022-04-11 00:27:26,-19.1667,-64.9167,50.34,82,65,6.2,broken clouds
135,Humaita,BR,2022-04-11 00:27:27,-7.5061,-63.0208,74.1,98,100,2.62,overcast clouds
136,Panjab,AF,2022-04-11 00:28:27,34.388,67.0233,51.22,27,100,3.36,overcast clouds
137,Buribay,RU,2022-04-11 00:28:27,51.9617,58.1592,40.39,93,99,15.03,overcast clouds
138,Oia,PT,2022-04-11 00:28:28,40.5426,-8.5386,56.37,84,47,7.31,scattered clouds
139,Luderitz,NA,2022-04-11 00:28:28,-26.6481,15.1594,72.99,45,0,10.45,clear sky
140,Buraydah,SA,2022-04-11 00:28:29,26.326,43.975,75.65,17,41,9.93,scattered clouds
141,Mutis,CO,2022-04-11 00:28:29,6.2262,-77.4044,79.0,86,100,0.81,light rain
142,Nsanje,MW,2022-04-11 00:28:29,-16.92,35.262,71.29,94,62,3.65,broken clouds
143,Vila Franca Do Campo,PT,2022-04-11 00:28:30,37.7167,-25.4333,57.61,72,79,21.99,broken clouds
144,Sisimiut,GL,2022-04-11 00:25:23,66.9395,-53.6735,25.48,69,100,9.24,overcast clouds
145,Mecca,SA,2022-04-11 00:28:30,21.4267,39.8261,80.37,29,0,3.58,clear sky
146,Chama,CH,2022-04-11 00:28:30,47.1821,8.4636,38.35,100,40,0.0,scattered clouds
147,Vila Velha,BR,2022-04-11 00:24:21,-20.3297,-40.2925,78.75,83,0,6.91,clear sky
148,Faya,SA,2022-04-11 00:28:31,18.3851,42.4509,60.91,41,0,2.66,clear sky
149,Nuristan,AF,2022-04-11 00:28:31,35.3,70.8333,38.1,50,99,8.03,overcast clouds
150,Bauchi,NG,2022-04-11 00:28:31,10.5,10.0,80.37,42,63,5.64,broken clouds
151,Ouesso,CG,2022-04-11 00:28:32,1.6136,16.0517,71.8,92,99,1.03,overcast clouds
152,Penzance,GB,2022-04-11 00:28:32,50.1186,-5.5371,50.68,78,100,28.52,overcast clouds
153,Agirish,RU,2022-04-11 00:28:33,61.9247,63.0231,33.53,96,93,8.3,overcast clouds
154,Shache,CN,2022-04-11 00:28:33,38.4167,77.2406,63.97,21,16,8.37,few clouds
155,Mwingi,KE,2022-04-11 00:28:33,-0.9344,38.0601,65.25,92,70,4.5,broken clouds
156,Paamiut,GL,2022-04-11 00:28:34,61.994,-49.6678,28.09,79,100,8.57,overcast clouds
157,Goundam,ML,2022-04-11 00:28:34,16.4145,-3.6708,84.61,8,0,10.36,clear sky
158,Necochea,AR,2022-04-11 00:28:34,-38.5473,-58.7368,63.93,94,100,9.26,overcast clouds
159,Ajaccio,FR,2022-04-11 00:28:05,42.0,8.9167,41.05,81,0,8.05,clear sky
160,Bridlington,GB,2022-04-11 00:28:35,54.0831,-0.1919,46.89,88,100,11.01,overcast clouds
161,Usinsk,RU,2022-04-11 00:24:15,65.9939,57.5281,36.37,100,100,17.22,overcast clouds
162,San Pedro De Macoris,DO,2022-04-11 00:28:35,18.4616,-69.2972,79.41,77,52,7.29,broken clouds
163,Bathsheba,BB,2022-04-11 00:28:35,13.2167,-59.5167,79.41,73,40,19.57,scattered clouds
164,Avila,ES,2022-04-11 00:28:36,40.5833,-5.0,51.66,75,91,12.93,overcast clouds
165,Vetel,RO,2022-04-11 00:28:36,45.9,22.8167,36.09,93,100,2.46,overcast clouds
166,Matay,EG,2022-04-11 00:28:36,28.419,30.7792,68.49,42,75,11.52,broken clouds
167,Puerto Narino,CO,2022-04-11 00:25:54,-3.7703,-70.3831,73.35,99,98,1.23,overcast clouds
168,Ancud,CL,2022-04-11 00:28:05,-41.8697,-73.8203,48.22,79,43,4.43,scattered clouds
169,Kankon,IN,2022-04-11 00:28:37,15.0167,74.0167,78.6,81,48,5.32,scattered clouds
170,Tasiilaq,GL,2022-04-11 00:28:37,65.6145,-37.6368,15.96,89,80,3.76,broken clouds
171,Omboue,GA,2022-04-11 00:28:37,-1.5746,9.2618,77.32,92,21,4.85,few clouds
172,Wajir,KE,2022-04-11 00:28:38,1.7471,40.0573,79.88,68,36,14.54,scattered clouds
173,Karla,EE,2022-04-11 00:28:38,59.3723,24.9275,33.76,93,0,11.5,clear sky
174,Kibala,TD,2022-04-11 00:28:38,9.1104,18.3463,80.55,69,0,0.0,clear sky
175,Ust-Shonosha,RU,2022-04-11 00:28:39,61.1531,41.343,32.13,94,98,5.44,overcast clouds
176,Brae,GB,2022-04-11 00:25:53,60.3964,-1.353,36.01,64,100,2.68,overcast clouds
177,Stromness,GB,2022-04-11 00:28:39,58.965,-3.296,39.87,80,100,11.99,overcast clouds
178,Turayf,SA,2022-04-11 00:28:40,31.6725,38.6637,62.85,27,0,5.75,clear sky
179,Hensall,CA,2022-04-11 00:28:40,43.4334,-81.4998,40.66,63,28,3.91,scattered clouds
180,Paslek,PL,2022-04-11 00:28:40,54.0616,19.6593,33.57,84,22,8.57,few clouds
181,Sencha,UA,2022-04-11 00:28:40,50.2548,33.346,43.11,95,100,13.69,overcast clouds
182,Nouadhibou,MR,2022-04-11 00:28:41,20.931,-17.0347,62.58,88,35,17.27,scattered clouds
183,Nurobod,UZ,2022-04-11 00:28:41,40.9056,69.8023,69.01,41,95,6.69,overcast clouds
184,Tahta,EG,2022-04-11 00:29:41,26.7693,31.5021,75.88,20,38,6.78,scattered clouds
185,Prado,BR,2022-04-11 00:29:42,-17.3411,-39.2208,78.3,83,40,8.63,scattered clouds
186,Altea,ES,2022-04-11 00:29:42,38.5989,-0.0514,59.2,60,71,3.0,broken clouds
187,Panorama,GR,2022-04-11 00:29:42,40.5878,23.0315,47.91,55,20,33.38,few clouds
188,Moba,CN,2022-04-11 00:29:43,33.2288,105.0179,56.59,69,100,2.75,overcast clouds
189,Palafrugell,ES,2022-04-11 00:29:43,41.9174,3.1631,57.42,55,59,3.0,broken clouds
190,Ilebo,CD,2022-04-11 00:29:43,-4.3167,20.5833,70.83,92,93,1.1,light rain
191,Ramachandrapuram,IN,2022-04-11 00:29:44,16.85,82.0167,76.98,94,91,2.19,overcast clouds
192,Rio Gallegos,AR,2022-04-11 00:25:37,-51.6226,-69.2181,48.25,61,75,10.36,broken clouds
193,Sorland,NO,2022-04-11 00:24:57,67.667,12.6934,39.15,62,49,15.48,scattered clouds
194,Angoche,MZ,2022-04-11 00:29:44,-16.2325,39.9086,75.22,93,6,6.35,clear sky
195,Zhanaozen,KZ,2022-04-11 00:29:45,43.3,52.8,57.25,44,0,7.0,clear sky
196,Wajid,SO,2022-04-11 00:29:45,3.8093,43.2471,75.18,78,29,17.29,scattered clouds
197,Bhag,PK,2022-04-11 00:29:45,29.0415,67.8239,85.96,15,100,4.99,overcast clouds
198,Coihaique,CL,2022-04-11 00:25:35,-45.5752,-72.0662,48.81,97,86,6.24,overcast clouds
199,Dudinka,RU,2022-04-11 00:29:46,69.4058,86.1778,-18.98,100,100,4.88,overcast clouds
200,Carauari,BR,2022-04-11 00:29:46,-4.8828,-66.8958,74.55,96,82,1.03,broken clouds
201,Kousseri,CM,2022-04-11 00:29:46,12.0769,15.0306,90.21,23,91,6.49,overcast clouds
202,Gambissara,SN,2022-04-11 00:29:47,13.2382,-14.3108,86.18,14,4,7.9,clear sky
203,Alexandria,EG,2022-04-11 00:24:59,31.2156,29.9553,60.76,82,0,8.05,clear sky
204,Gornopravdinsk,RU,2022-04-11 00:29:47,60.05,69.9,27.36,94,100,5.59,overcast clouds
205,Chake Chake,TZ,2022-04-11 00:29:47,-5.2459,39.7666,80.42,76,38,9.64,scattered clouds
206,Harper,LR,2022-04-11 00:29:48,4.375,-7.7169,80.29,86,74,6.89,broken clouds
207,Alta Floresta,BR,2022-04-11 00:29:48,-9.8756,-56.0861,73.33,92,85,3.42,overcast clouds
208,Bilma,NE,2022-04-11 00:29:48,18.6853,12.9164,83.89,7,0,4.0,clear sky
209,Zuenoula,CI,2022-04-11 00:29:49,7.4292,-6.0431,79.09,74,32,3.22,scattered clouds
210,Narsaq,GL,2022-04-11 00:29:49,60.9167,-46.05,32.22,58,100,2.35,overcast clouds
211,Sao Felix Do Xingu,BR,2022-04-11 00:27:05,-6.6447,-51.995,72.99,97,81,1.68,broken clouds
212,Tutoia,BR,2022-04-11 00:29:49,-2.7619,-42.2744,76.06,90,97,4.88,overcast clouds
213,Yining,CN,2022-04-11 00:29:50,29.0361,114.5636,73.83,61,1,1.63,clear sky
214,Sharjah,AE,2022-04-11 00:25:07,25.3573,55.4033,76.98,33,0,6.91,clear sky
215,Gambela,ET,2022-04-11 00:29:51,8.25,34.5833,80.83,56,85,2.44,light rain
216,Aksarka,RU,2022-04-11 00:27:49,66.5606,67.7975,33.66,99,100,10.6,overcast clouds
217,Korla,CN,2022-04-11 00:26:30,41.7597,86.1469,53.76,51,28,10.87,scattered clouds
218,Kruisfontein,ZA,2022-04-11 00:29:51,-34.0033,24.7314,63.88,93,72,4.0,broken clouds
219,Ljubinje,BA,2022-04-11 00:29:51,42.9508,18.0886,45.23,75,3,7.09,clear sky
220,Pakaur,IN,2022-04-11 00:29:52,24.6333,87.85,75.87,79,0,5.32,clear sky
221,Ugoofaaru,MV,2022-04-11 00:29:52,5.6667,73.0,84.2,72,47,11.54,scattered clouds
222,Iranshahr,IR,2022-04-11 00:29:52,27.2025,60.6848,73.74,18,0,0.0,clear sky
223,Nordhausen,DE,2022-04-11 00:29:53,51.5167,10.8,36.16,90,17,2.95,few clouds
224,Tombouctou,ML,2022-04-11 00:29:53,20.0,-3.0,78.55,6,0,8.59,clear sky
225,Saint Anthony,US,2022-04-11 00:29:53,45.0205,-93.218,58.96,41,100,16.11,overcast clouds
226,Destin,US,2022-04-11 00:29:54,30.3935,-86.4958,68.97,58,0,11.5,clear sky
227,Chapais,CA,2022-04-11 00:29:54,49.7834,-74.8492,33.58,94,100,7.23,overcast clouds
228,Birao,CF,2022-04-11 00:29:54,10.2849,22.7882,81.32,51,82,6.49,broken clouds
229,Itapora,BR,2022-04-11 00:29:54,-22.0799,-54.7874,75.22,81,64,5.19,broken clouds
230,Hun,LY,2022-04-11 00:29:55,29.1268,15.9477,60.91,29,0,5.93,clear sky
231,Massaguet,TD,2022-04-11 00:29:55,12.4755,15.4365,88.77,18,88,5.79,overcast clouds
232,Ponta Do Sol,PT,2022-04-11 00:30:55,32.6667,-17.1,62.71,74,22,15.99,few clouds
233,Coihueco,CL,2022-04-11 00:30:56,-36.6167,-71.8333,44.01,88,94,3.06,overcast clouds
234,Kashan,IR,2022-04-11 00:30:56,33.9831,51.4364,64.13,25,21,2.39,few clouds
235,Kerman,IR,2022-04-11 00:30:10,30.2832,57.0788,57.06,24,0,0.0,clear sky
236,Malinovskiy,RU,2022-04-11 00:30:56,61.1953,62.8397,33.26,98,69,7.96,broken clouds
237,Aras,ES,2022-04-11 00:30:57,42.5617,-2.356,52.23,76,100,20.71,overcast clouds
238,Quatre Cocos,MU,2022-04-11 00:30:57,-20.2078,57.7625,77.11,74,85,17.67,overcast clouds
239,Calderitas,MX,2022-04-11 00:30:57,18.55,-88.25,80.71,61,40,10.36,scattered clouds
240,Waddan,LY,2022-04-11 00:30:58,29.1614,16.139,59.34,34,0,6.85,clear sky
241,Quartucciu,IT,2022-04-11 00:30:58,39.2519,9.1794,51.01,68,0,3.44,clear sky
242,Pizarro,CO,2022-04-11 00:30:58,4.9533,-77.366,78.15,89,100,4.52,moderate rain
243,Middletown,US,2022-04-11 00:30:59,39.5151,-84.3983,58.35,35,0,11.5,clear sky
244,Warri,NG,2022-04-11 00:28:19,5.5167,5.75,78.39,89,45,4.47,scattered clouds
245,Keti Bandar,PK,2022-04-11 00:30:59,24.1447,67.4497,79.25,80,62,12.5,broken clouds
246,Rudbar,AF,2022-04-11 00:30:59,30.15,62.6,76.39,14,57,4.34,broken clouds
247,Chabahar,IR,2022-04-11 00:31:00,25.2919,60.643,81.23,54,5,7.52,clear sky
248,Feijo,BR,2022-04-11 00:31:00,-8.1642,-70.3536,71.96,99,100,2.21,overcast clouds
249,Saint-Pierre,RE,2022-04-11 00:31:00,-21.3393,55.4781,76.68,78,75,12.66,broken clouds
250,Itapaci,BR,2022-04-11 00:31:01,-14.9508,-49.5494,72.72,78,71,1.48,broken clouds
251,General Pico,AR,2022-04-11 00:31:01,-35.6566,-63.7568,60.12,96,57,10.45,broken clouds
252,Kralendijk,BQ,2022-04-11 00:30:36,12.15,-68.2667,80.58,78,40,16.11,scattered clouds
253,Road Town,VG,2022-04-11 00:29:39,18.4167,-64.6167,78.89,78,20,5.75,few clouds
254,Ostrovnoy,RU,2022-04-11 00:30:45,68.0531,39.5131,34.43,77,81,22.66,broken clouds
255,Viedma,AR,2022-04-11 00:29:45,-40.8135,-62.9967,56.79,52,100,4.25,overcast clouds
256,Raudeberg,NO,2022-04-11 00:31:02,61.9875,5.1352,35.87,82,81,16.37,broken clouds
257,Kapchorwa,UG,2022-04-11 00:31:03,1.3965,34.4509,59.54,63,43,4.05,scattered clouds
258,Sao Joao Da Barra,BR,2022-04-11 00:26:54,-21.6403,-41.0511,74.97,89,20,8.93,few clouds
259,San Ignacio,BZ,2022-04-11 00:31:03,17.1561,-89.0714,82.54,74,40,4.61,scattered clouds
260,Bolobo,CD,2022-04-11 00:31:04,-2.1667,16.2333,73.4,91,100,2.08,overcast clouds
261,Bardiyah,LY,2022-04-11 00:31:04,31.7561,25.0865,60.21,81,0,15.08,clear sky
262,Batticaloa,LK,2022-04-11 00:31:05,7.7102,81.6924,78.31,83,83,4.21,broken clouds
263,Gurlan,UZ,2022-04-11 00:31:05,41.8447,60.3919,59.07,48,100,11.88,overcast clouds
264,Saint-Joseph,RE,2022-04-11 00:31:05,-21.3667,55.6167,75.58,79,29,15.19,scattered clouds
265,Challans,FR,2022-04-11 00:31:06,46.8436,-1.8749,48.96,61,100,16.69,overcast clouds
266,Rio Grande,BR,2022-04-11 00:31:06,-32.035,-52.0986,71.94,89,100,16.58,overcast clouds
267,Novouzensk,RU,2022-04-11 00:31:06,50.4592,48.1431,48.29,87,43,3.94,scattered clouds
268,Asfi,MA,2022-04-11 00:31:07,32.2994,-9.2372,60.17,89,0,8.12,clear sky
269,Montepuez,MZ,2022-04-11 00:31:07,-13.1256,38.9997,66.56,99,18,3.78,few clouds
270,Atar,MR,2022-04-11 00:26:35,20.5169,-13.0499,77.45,7,9,0.98,clear sky
271,Chincha Alta,PE,2022-04-11 00:31:08,-13.4099,-76.1323,66.79,78,76,2.55,broken clouds
272,Deseronto,CA,2022-04-11 00:31:09,44.2001,-77.0494,42.6,66,21,6.29,few clouds
273,Krasnoselkup,RU,2022-04-11 00:31:09,65.7,82.4667,16.99,95,100,11.3,overcast clouds
274,Jadu,LY,2022-04-11 00:31:10,31.953,12.0261,50.67,74,5,5.26,clear sky
275,Chitral,PK,2022-04-11 00:31:10,35.8462,71.7858,60.35,38,100,7.05,overcast clouds
276,Khash,IR,2022-04-11 00:30:16,28.2211,61.2158,64.38,15,93,1.86,overcast clouds
277,Khudumelapye,BW,2022-04-11 00:31:11,-23.8833,24.75,58.48,94,28,11.12,light rain
278,Miraflores,MX,2022-04-11 00:31:11,19.2167,-98.8083,72.36,53,100,4.43,overcast clouds
279,Lagoa,PT,2022-04-11 00:31:11,39.05,-27.9833,56.8,66,100,29.8,overcast clouds
280,Remedios,CU,2022-04-11 00:31:12,22.4947,-79.5458,74.32,60,88,13.35,overcast clouds
281,Shepetivka,UA,2022-04-11 00:31:12,50.1855,27.0637,34.41,80,100,10.4,overcast clouds
282,Santiago,CL,2022-04-11 00:32:13,-33.4569,-70.6483,62.85,55,0,12.66,clear sky
283,Ariano Irpino,IT,2022-04-11 00:32:14,41.1489,15.0833,38.34,77,0,1.41,clear sky
284,Tabou,CI,2022-04-11 00:32:14,4.423,-7.3528,80.11,87,100,5.86,overcast clouds
285,Geilo,NO,2022-04-11 00:32:14,60.5333,8.2076,13.03,92,13,9.44,few clouds
286,Kharhial,IN,2022-04-11 00:32:15,20.2833,82.7667,83.16,46,48,6.04,scattered clouds
287,Kalaleh,IR,2022-04-11 00:32:15,37.3807,55.4916,49.6,93,40,0.0,scattered clouds
288,Karasuk,RU,2022-04-11 00:32:16,53.7377,78.0403,31.55,78,6,7.92,clear sky
289,Umm Lajj,SA,2022-04-11 00:32:16,25.0213,37.2685,77.41,49,5,4.79,clear sky
290,Onega,RU,2022-04-11 00:32:16,63.9061,38.1404,31.95,89,17,10.96,few clouds
291,Bayonet Point,US,2022-04-11 00:32:17,28.3267,-82.6834,67.3,64,4,5.44,clear sky
292,Ormara,PK,2022-04-11 00:32:17,25.2088,64.6357,79.9,75,100,7.63,overcast clouds
293,Iskateley,RU,2022-04-11 00:32:18,67.6803,53.1512,35.42,100,100,15.79,overcast clouds
294,Jaleswar,NP,2022-04-11 00:32:18,26.6471,85.8008,76.8,62,0,10.38,clear sky
295,Bongandanga,CD,2022-04-11 00:32:19,1.5,21.05,69.57,93,100,1.9,light rain
296,Maxixe,MZ,2022-04-11 00:32:19,-23.8597,35.3472,75.27,88,100,10.78,light rain
297,Puerto Maldonado,PE,2022-04-11 00:32:19,-12.6,-69.1833,77.4,88,0,0.0,clear sky
298,Darnah,LY,2022-04-11 00:32:20,32.767,22.6367,57.85,75,0,24.07,clear sky
299,Rumonge,BI,2022-04-11 00:32:20,-3.9736,29.4386,71.49,74,100,4.0,overcast clouds
300,Zwedru,LR,2022-04-11 00:32:20,6.0667,-8.1281,71.74,92,93,3.2,overcast clouds
301,San Cristobal,VE,2022-04-11 00:31:59,7.7669,-72.225,73.58,67,50,1.39,scattered clouds
302,Puerto Colombia,CO,2022-04-11 00:32:21,10.9878,-74.9547,80.69,83,100,25.84,overcast clouds
303,Olinda,BR,2022-04-11 00:32:21,-8.0089,-34.8553,82.13,74,40,5.75,scattered clouds
304,Bull Savanna,JM,2022-04-11 00:32:22,17.8868,-77.5902,74.77,81,67,4.21,broken clouds
305,Sao Filipe,CV,2022-04-11 00:32:22,14.8961,-24.4956,71.89,75,79,7.47,broken clouds
306,San Andres,CO,2022-04-11 00:32:22,12.5847,-81.7006,80.62,78,20,10.36,few clouds
307,Tromso,NO,2022-04-11 00:32:23,69.6496,18.957,35.62,69,20,10.36,few clouds
308,Galle,LK,2022-04-11 00:32:24,6.0367,80.217,80.87,81,100,8.57,overcast clouds
309,Pangody,RU,2022-04-11 00:32:24,65.85,74.4859,33.22,100,100,9.17,overcast clouds
310,Havre-Saint-Pierre,CA,2022-04-11 00:32:24,50.2334,-63.5986,34.16,93,100,6.91,overcast clouds
311,Nador,MA,2022-04-11 00:32:25,35.174,-2.9287,61.05,88,100,4.61,overcast clouds
312,Gazojak,TM,2022-04-11 00:32:25,41.1875,61.4036,61.79,55,26,21.41,scattered clouds
313,Ambagarh Chauki,IN,2022-04-11 00:32:26,20.7833,80.7167,79.93,49,55,9.51,broken clouds
314,Vredendal,ZA,2022-04-11 00:32:26,-31.6683,18.5012,72.64,30,0,7.76,clear sky
315,Comarapa,BO,2022-04-11 00:32:26,-17.9,-64.4833,59.72,92,99,3.38,overcast clouds
316,Cayenne,GF,2022-04-11 00:30:05,4.9333,-52.3333,80.1,1,75,7.0,broken clouds
317,Palencia,ES,2022-04-11 00:32:27,42.4167,-4.5,56.79,79,5,11.48,clear sky
318,Fuerte Olimpo,PY,2022-04-11 00:32:27,-21.0415,-57.8738,86.34,47,7,7.9,clear sky
319,Bonavista,CA,2022-04-11 00:32:28,48.6499,-53.1147,31.24,98,100,15.86,snow
320,Voyvozh,RU,2022-04-11 00:32:28,62.892,54.9635,36.57,99,100,7.2,overcast clouds
321,Hobyo,SO,2022-04-11 00:32:28,5.3505,48.5268,81.95,74,45,10.4,scattered clouds
322,Vestmanna,FO,2022-04-11 00:32:29,62.1564,-7.1664,25.72,80,75,1.14,broken clouds
323,Puerto Carreno,CO,2022-04-11 00:32:29,6.189,-67.4859,84.09,63,100,4.9,overcast clouds
324,Rudsar,IR,2022-04-11 00:32:29,37.1376,50.288,49.98,67,5,5.82,clear sky
325,Cabedelo,BR,2022-04-11 00:32:30,-6.9811,-34.8339,79.47,77,21,10.87,few clouds
326,Touros,BR,2022-04-11 00:32:30,-5.1989,-35.4608,78.3,88,100,8.88,overcast clouds
327,Den Helder,NL,2022-04-11 00:29:13,52.9599,4.7593,40.01,81,100,5.01,overcast clouds
328,Kalmunai,LK,2022-04-11 00:33:30,7.4167,81.8167,77.97,85,66,3.56,broken clouds
329,Hole Narsipur,IN,2022-04-11 00:33:31,12.7828,76.2431,71.91,53,92,3.49,overcast clouds
330,Awjilah,LY,2022-04-11 00:33:31,29.1081,21.2869,65.46,34,0,17.58,clear sky
331,Salisbury,GB,2022-04-11 00:30:52,51.0693,-1.7957,49.01,72,100,8.05,overcast clouds
332,Hit,IQ,2022-04-11 00:33:31,33.6416,42.8251,70.52,20,10,6.2,clear sky
333,San Pedro,PH,2022-04-11 00:33:32,14.35,121.0167,81.63,75,100,5.75,overcast clouds
334,Limon,CR,2022-04-11 00:33:32,10.0,-83.0333,76.89,88,40,3.44,scattered clouds
335,Port-Gentil,GA,2022-04-11 00:33:32,-0.7193,8.7815,79.95,85,0,9.35,clear sky
336,Tafresh,IR,2022-04-11 00:33:33,34.692,50.013,50.83,28,98,5.82,overcast clouds
337,Klaksvik,FO,2022-04-11 00:33:33,62.2266,-6.589,27.52,66,100,9.48,overcast clouds
338,Laguna,US,2022-04-11 00:33:33,38.421,-121.4238,75.49,20,0,6.91,clear sky
339,Suoyarvi,RU,2022-04-11 00:33:14,62.0833,32.35,31.75,91,69,12.06,broken clouds
340,Sault Sainte Marie,CA,2022-04-11 00:33:34,46.5168,-84.3333,46.69,40,0,5.75,clear sky
341,Barabinsk,RU,2022-04-11 00:33:34,55.3571,78.357,27.1,79,14,5.23,few clouds
342,Kaniv,UA,2022-04-11 00:33:34,49.7518,31.46,35.11,97,100,18.48,light snow
343,Kedougou,SN,2022-04-11 00:33:35,12.5579,-12.1743,93.78,27,0,0.0,clear sky
344,Yuty,PY,2022-04-11 00:33:35,-26.6,-56.25,69.53,98,100,7.38,overcast clouds
345,Clarence Town,AU,2022-04-11 00:33:35,-32.5833,151.7833,79.14,65,0,5.14,clear sky
346,Bagotville,AU,2022-04-11 00:33:36,-28.9833,153.4167,78.82,79,0,4.9,clear sky
347,Zaltan,LY,2022-04-11 00:33:36,32.947,11.8665,58.84,65,1,8.72,clear sky
348,Gamba,GA,2022-04-11 00:33:36,-2.65,10.0,75.2,94,100,1.45,moderate rain
349,Sandnessjoen,NO,2022-04-11 00:33:36,66.0217,12.6316,39.07,75,100,7.36,overcast clouds
350,Mwinilunga,ZM,2022-04-11 00:33:37,-11.7358,24.4293,57.99,98,45,4.21,scattered clouds
351,Alabaster,US,2022-04-11 00:33:37,33.2443,-86.8164,75.13,32,0,9.22,clear sky
352,Guarapari,BR,2022-04-11 00:33:15,-20.6667,-40.4975,77.9,90,2,7.87,clear sky
353,Zhezkazgan,KZ,2022-04-11 00:33:37,47.8043,67.7144,50.61,35,100,16.71,overcast clouds
354,Edd,ER,2022-04-11 00:33:38,13.9297,41.6925,87.89,34,0,20.67,clear sky
355,Killybegs,IE,2022-04-11 00:33:38,54.6333,-8.45,46.62,78,100,20.4,overcast clouds
356,Nazilli,TR,2022-04-11 00:33:38,37.9163,28.3223,52.52,85,0,5.12,clear sky
357,Wattegama,LK,2022-04-11 00:33:39,6.7989,81.4808,74.86,92,85,1.48,overcast clouds
358,Boddam,GB,2022-04-11 00:33:39,57.4667,-1.7833,39.58,83,98,9.69,overcast clouds
359,Aswan,EG,2022-04-11 00:33:39,24.0934,32.907,81.7,13,0,10.36,clear sky
360,Aripuana,BR,2022-04-11 00:33:40,-9.1667,-60.6333,73.65,95,100,2.21,light rain
361,Barinas,VE,2022-04-11 00:33:40,8.6226,-70.2075,84.47,48,77,0.67,broken clouds
362,Kabalo,CD,2022-04-11 00:33:40,-6.05,26.9167,70.03,88,80,4.27,broken clouds
363,Visnes,NO,2022-04-11 00:33:41,59.3556,5.2242,39.25,81,20,11.5,few clouds
364,Puerto Cabezas,NI,2022-04-11 00:33:41,14.0351,-83.3888,77.16,85,37,8.93,scattered clouds
365,Hammerfest,NO,2022-04-11 00:33:41,70.6634,23.6821,36.05,93,75,14.97,broken clouds
366,Walvis Bay,NA,2022-04-11 00:33:42,-22.9575,14.5053,57.09,100,0,5.75,clear sky
367,Urucara,BR,2022-04-11 00:33:42,-2.5364,-57.76,73.96,98,100,1.3,overcast clouds
368,Chernelytsya,UA,2022-04-11 00:33:42,48.8121,25.4248,35.69,76,100,9.53,overcast clouds
369,Cotacachi,EC,2022-04-11 00:33:43,0.3,-78.2667,58.55,94,99,2.57,overcast clouds
370,Camacha,PT,2022-04-11 00:33:43,33.0833,-16.3333,58.42,77,75,16.11,broken clouds
371,Nanortalik,GL,2022-04-11 00:33:43,60.1432,-45.2371,30.47,74,100,2.95,overcast clouds
372,Siderno,IT,2022-04-11 00:33:44,38.2779,16.302,47.34,63,0,9.22,clear sky
373,Saint-Louis,SN,2022-04-11 00:34:44,16.3333,-15.0,73.04,39,8,13.69,clear sky
374,Palakkad,IN,2022-04-11 00:34:44,10.7833,76.65,77.07,90,98,1.07,overcast clouds
375,Canico,PT,2022-04-11 00:34:45,32.6333,-16.85,62.71,81,40,5.75,scattered clouds
376,Meulaboh,ID,2022-04-11 00:34:45,4.1363,96.1285,77.63,87,100,3.58,heavy intensity rain
377,Fort Atkinson,US,2022-04-11 00:34:45,42.9289,-88.8371,58.35,53,100,3.0,overcast clouds
378,Venancio Aires,BR,2022-04-11 00:34:45,-29.6064,-52.1919,73.72,97,100,0.34,overcast clouds
379,Iquique,CL,2022-04-11 00:31:25,-20.2208,-70.1431,64.74,75,34,3.18,scattered clouds
380,Bama,NG,2022-04-11 00:34:46,11.5221,13.6856,86.4,33,100,7.87,overcast clouds
381,Artyom,AZ,2022-04-11 00:34:46,40.4723,50.333,51.94,88,25,11.23,scattered clouds
382,Brokopondo,SR,2022-04-11 00:34:46,4.75,-55.1667,76.19,88,100,10.71,overcast clouds
383,Rocha,UY,2022-04-11 00:34:27,-34.4833,-54.3333,66.13,91,100,11.7,overcast clouds
384,Bay City,US,2022-04-11 00:31:04,43.5945,-83.8889,51.91,53,0,6.91,clear sky
385,Muros,ES,2022-04-11 00:34:47,42.7762,-9.0603,56.68,89,99,15.1,overcast clouds
386,Sarny,UA,2022-04-11 00:34:47,51.338,26.6019,33.01,84,100,7.07,overcast clouds
387,Marystown,CA,2022-04-11 00:34:47,47.1666,-55.1483,39.85,100,100,10.0,overcast clouds
388,Polczyn-Zdroj,PL,2022-04-11 00:34:48,53.7642,16.0957,35.1,95,99,11.25,overcast clouds
389,Planaltina,BR,2022-04-11 00:33:03,-15.4528,-47.6142,69.6,65,20,3.51,light rain
390,Tevriz,RU,2022-04-11 00:34:48,57.509,72.4042,26.51,91,96,3.87,overcast clouds
391,Stephenville,US,2022-04-11 00:34:48,32.2207,-98.2023,82.24,48,0,19.57,clear sky
392,Alibag,IN,2022-04-11 00:34:49,18.6411,72.8792,82.47,79,100,3.15,overcast clouds
393,Grindavik,IS,2022-04-11 00:34:49,63.8424,-22.4338,37.35,75,100,17.27,overcast clouds
394,Matagami,CA,2022-04-11 00:34:49,49.7502,-77.6328,30.31,74,100,8.05,overcast clouds
395,Menongue,AO,2022-04-11 00:34:50,-14.6585,17.691,61.32,96,100,4.43,overcast clouds
396,Saint-Francois,FR,2022-04-11 00:34:50,46.4154,3.9054,41.68,74,0,2.3,clear sky
397,Eirunepe,BR,2022-04-11 00:34:50,-6.6603,-69.8736,73.44,99,100,1.25,overcast clouds
398,Opochka,RU,2022-04-11 00:34:51,56.7105,28.6617,31.14,93,68,4.81,broken clouds
399,Sao Jose Do Rio Pardo,BR,2022-04-11 00:34:51,-21.5956,-46.8886,67.37,86,72,3.42,broken clouds
400,Athmallik,IN,2022-04-11 00:34:51,20.7219,84.5348,84.25,45,5,2.66,clear sky
401,Gobabis,NA,2022-04-11 00:34:52,-22.45,18.9667,60.22,67,0,7.14,clear sky
402,Hillside,US,2022-04-11 00:34:52,40.7012,-74.2301,46.98,48,75,21.85,broken clouds
403,Serenje,ZM,2022-04-11 00:34:52,-13.2325,30.2352,61.34,95,99,8.68,overcast clouds
404,Julio De Castilhos,BR,2022-04-11 00:34:52,-29.2269,-53.6817,65.07,85,100,2.53,overcast clouds
405,Domoni,KM,2022-04-11 00:34:53,-12.2569,44.5319,80.47,83,52,9.75,broken clouds
406,Mahajanga,MG,2022-04-11 00:34:53,-15.7167,46.3167,75.22,78,20,4.61,few clouds
407,Nyalikungu,TZ,2022-04-11 00:34:53,-3.1833,33.7833,62.82,74,100,7.0,overcast clouds
408,Qaqortoq,GL,2022-04-11 00:34:54,60.7167,-46.0333,27.97,68,100,1.1,overcast clouds
409,Tsaratanana,MG,2022-04-11 00:34:54,-16.7833,47.65,69.06,81,12,10.69,few clouds
410,Phalaborwa,ZA,2022-04-11 00:34:54,-23.943,31.1411,67.28,83,99,11.27,overcast clouds
411,Sukhumi,GE,2022-04-11 00:34:55,43.0033,41.0153,58.17,63,13,7.76,few clouds
412,Saint Leonard,CA,2022-04-11 00:34:55,47.173,-67.9247,37.22,99,100,4.21,overcast clouds
413,Monte Azul Paulista,BR,2022-04-11 00:34:55,-20.9072,-48.6414,72.9,73,2,6.64,clear sky
414,Kargil,IN,2022-04-11 00:31:30,34.5667,76.1,29.68,58,41,3.62,scattered clouds
415,Karakol,KG,2022-04-11 00:34:56,42.4907,78.3936,47.7,48,8,4.72,clear sky
416,Taltal,CL,2022-04-11 00:30:20,-25.4,-70.4833,61.86,78,10,3.56,clear sky
417,Kulhudhuffushi,MV,2022-04-11 00:34:56,6.6221,73.07,83.82,73,82,10.92,broken clouds
418,Springdale,US,2022-04-11 00:34:02,36.1867,-94.1288,73.53,59,75,19.57,broken clouds
419,Gravdal,NO,2022-04-11 00:34:56,68.1214,13.5031,36.9,64,0,10.49,clear sky
420,Olocuilta,SV,2022-04-11 00:34:57,13.5697,-89.1172,84.06,61,0,6.91,clear sky
421,Praia,CV,2022-04-11 00:34:57,14.9215,-23.5087,70.34,73,20,18.41,few clouds
422,Kangaatsiaq,GL,2022-04-11 00:35:57,68.3065,-53.4641,17.6,84,100,7.0,overcast clouds
423,Soroti,UG,2022-04-11 00:35:58,1.7146,33.6111,67.26,79,100,1.81,overcast clouds
424,Yekaterinovka,RU,2022-04-11 00:35:58,52.0508,44.3451,47.61,88,95,9.1,overcast clouds
425,Halifax,CA,2022-04-11 00:33:02,44.6453,-63.5724,42.8,94,100,4.61,overcast clouds
426,Yalova,TR,2022-04-11 00:35:58,40.655,29.2769,50.94,81,77,7.52,broken clouds
427,Padre Bernardo,BR,2022-04-11 00:35:59,-15.35,-48.5,70.56,71,6,2.82,clear sky
428,Sidi Ali,DZ,2022-04-11 00:35:59,36.0998,0.4206,62.01,52,100,5.39,overcast clouds
429,Wismar,DE,2022-04-11 00:35:59,53.9,11.4667,39.25,91,63,4.0,broken clouds
430,Arlit,NE,2022-04-11 00:35:59,18.7369,7.3853,81.84,10,0,1.39,clear sky
431,Surgut,RU,2022-04-11 00:36:00,61.25,73.4167,28.58,50,0,7.0,clear sky
432,Dolores,AR,2022-04-11 00:36:00,-36.3132,-57.6792,65.71,87,99,9.84,overcast clouds
433,Phalombe,MW,2022-04-11 00:36:00,-15.8064,35.6507,62.91,96,21,2.89,few clouds
434,Itaporanga,BR,2022-04-11 00:36:01,-7.3044,-38.1503,78.03,68,83,4.07,broken clouds
435,Gat,IL,2022-04-11 00:36:01,31.61,34.7642,67.41,79,1,4.5,clear sky
436,Fraserburgh,GB,2022-04-11 00:36:01,57.6874,-2.0184,39.11,85,94,10.27,overcast clouds
437,Rantoul,US,2022-04-11 00:36:02,40.3084,-88.1559,63.82,50,0,16.11,clear sky
438,Siedlce,PL,2022-04-11 00:36:02,52.1677,22.2901,31.48,92,15,6.82,few clouds
439,Urubicha,BO,2022-04-11 00:36:03,-15.3833,-62.95,73.92,92,28,2.62,scattered clouds
440,Paranaiba,BR,2022-04-11 00:36:03,-19.6772,-51.1908,76.93,72,19,1.25,few clouds
441,Maturin,VE,2022-04-11 00:36:04,9.75,-63.1767,77.81,69,86,8.75,overcast clouds
442,Oswego,US,2022-04-11 00:36:04,43.4501,-76.1497,40.95,73,100,5.99,overcast clouds
443,Luau,AO,2022-04-11 00:36:05,-10.7073,22.2247,62.42,86,100,3.65,overcast clouds
444,Ler,SS,2022-04-11 00:36:06,8.3018,30.1418,82.11,54,99,4.38,light rain
445,Starosubkhangulovo,RU,2022-04-11 00:36:06,53.1031,57.4423,37.98,92,34,6.67,scattered clouds
446,Athy,IE,2022-04-11 00:36:06,52.9914,-6.9803,47.35,77,100,18.1,overcast clouds
447,Sovetskiy,RU,2022-04-11 00:36:07,61.3614,63.5842,32.2,97,60,7.63,broken clouds
448,Ouagadougou,BF,2022-04-11 00:36:07,12.3642,-1.5383,91.42,31,67,3.87,broken clouds
449,Damghan,IR,2022-04-11 00:36:08,36.1683,54.348,52.88,44,0,6.13,clear sky
450,Miandoab,IR,2022-04-11 00:36:08,36.9694,46.1027,48.58,51,10,3.98,clear sky
451,Kayerkan,RU,2022-04-11 00:36:09,69.3497,87.7602,-6.03,96,77,4.05,broken clouds
452,Puerto Del Rosario,ES,2022-04-11 00:36:09,28.5004,-13.8627,64.15,72,0,8.05,clear sky
453,Morant Bay,JM,2022-04-11 00:36:09,17.8815,-76.4093,78.42,84,14,10.63,few clouds
454,Naryan-Mar,RU,2022-04-11 00:36:10,67.6713,53.087,35.55,100,100,15.79,overcast clouds
455,Petropavlivka,UA,2022-04-11 00:36:10,48.4564,36.4367,52.3,76,100,8.25,overcast clouds
456,Manono,CD,2022-04-11 00:36:10,-7.3,27.4167,69.64,84,98,3.74,overcast clouds
457,Thinadhoo,MV,2022-04-11 00:36:11,0.5333,72.9333,83.5,67,12,11.79,few clouds
458,Andra,RU,2022-04-11 00:36:11,62.5147,65.8878,33.87,100,100,8.1,overcast clouds
459,Warmbad,NA,2022-04-11 00:36:12,-28.45,18.7333,64.99,55,3,8.79,clear sky
460,Lovozero,RU,2022-04-11 00:36:12,68.005,35.0117,25.41,96,98,11.23,light snow
461,Pisco,PE,2022-04-11 00:36:12,-13.7,-76.2167,68.05,73,0,17.27,clear sky
462,Sao Jose Da Coroa Grande,BR,2022-04-11 00:36:13,-8.8978,-35.1478,78.4,76,11,6.73,few clouds
463,San Gavino Monreale,IT,2022-04-11 00:36:13,39.5514,8.7917,50.47,85,11,3.58,few clouds
464,Volchansk,RU,2022-04-11 00:32:20,59.9378,60.081,33.57,98,100,5.82,overcast clouds
465,Delta Del Tigre,UY,2022-04-11 00:36:14,-34.7633,-56.3853,71.71,77,100,1.01,overcast clouds
466,Atocha,BO,2022-04-11 00:36:14,-20.9333,-66.2333,49.48,20,0,11.03,clear sky
467,Bahia Honda,CU,2022-04-11 00:36:14,22.9036,-83.1592,68.47,70,2,10.18,clear sky
468,Coro,VE,2022-04-11 00:36:15,11.4045,-69.6734,78.08,80,90,16.87,overcast clouds
469,Lumeje,AO,2022-04-11 00:36:15,-11.55,20.7833,64.0,91,100,2.37,overcast clouds
470,Chissamba,AO,2022-04-11 00:36:16,-12.1667,17.3333,61.32,99,97,2.89,overcast clouds
471,Boda,CF,2022-04-11 00:37:16,4.3189,17.4695,69.42,89,100,1.03,light rain
472,Bria,CF,2022-04-11 00:37:16,6.5423,21.9863,68.94,95,100,6.67,light rain
473,Bubaque,GW,2022-04-11 00:37:17,11.2833,-15.8333,76.24,68,1,11.01,clear sky
474,Gazli,UZ,2022-04-11 00:37:17,40.1333,63.45,71.08,40,99,13.11,overcast clouds
475,Beswan,IN,2022-04-11 00:37:17,27.65,77.8833,82.72,11,53,3.8,broken clouds
476,Antalaha,MG,2022-04-11 00:37:18,-14.9003,50.2788,73.83,91,92,6.85,light rain
477,Abu Dhabi,AE,2022-04-11 00:37:18,24.4667,54.3667,78.96,76,0,2.3,clear sky
478,Trincomalee,LK,2022-04-11 00:37:18,8.5711,81.2335,78.44,83,33,8.12,scattered clouds
479,Luziania,BR,2022-04-11 00:37:19,-16.2525,-47.9503,73.09,80,76,1.34,broken clouds
480,Manali,IN,2022-04-11 00:37:19,13.1667,80.2667,84.29,84,83,2.84,broken clouds
481,Doha,QA,2022-04-11 00:37:20,25.2867,51.5333,75.18,42,0,14.97,dust
482,Misratah,LY,2022-04-11 00:37:20,32.3754,15.0925,59.67,65,0,10.87,clear sky
483,Tanout,NE,2022-04-11 00:37:21,14.9709,8.8879,81.18,7,6,3.09,clear sky
484,Urdoma,RU,2022-04-11 00:37:21,61.7533,48.5442,36.01,100,100,4.07,overcast clouds
485,Sainte-Marie,RE,2022-04-11 00:37:21,-20.8968,55.5496,77.16,72,0,10.36,clear sky
486,General Roca,AR,2022-04-11 00:37:22,-39.0333,-67.5833,56.84,48,100,13.27,overcast clouds
487,Ous,RU,2022-04-11 00:37:22,60.9058,61.5186,35.67,95,100,8.86,overcast clouds
488,Eenhana,NA,2022-04-11 00:37:22,-17.4667,16.3333,69.69,66,14,8.19,few clouds
489,Ndele,CF,2022-04-11 00:37:23,8.4109,20.6473,73.96,74,100,6.11,overcast clouds
490,Mbengwi,CM,2022-04-11 00:37:23,6.0167,10.0,69.31,73,94,1.61,overcast clouds
491,Henties Bay,NA,2022-04-11 00:34:46,-22.116,14.2845,61.93,76,0,2.71,clear sky
492,Kaltenkirchen,DE,2022-04-11 00:37:24,53.8333,9.9667,37.99,91,29,1.99,scattered clouds
493,Horuphav,DK,2022-04-11 00:37:24,54.9102,9.8987,37.35,87,33,5.75,scattered clouds
494,Riyadh,SA,2022-04-11 00:37:25,24.6877,46.7219,71.74,24,5,6.31,clear sky
495,Burgeo,CA,2022-04-11 00:37:25,47.6167,-57.6152,37.67,90,100,23.4,overcast clouds
496,Marigot,MF,2022-04-11 00:37:26,18.0667,-63.0833,78.58,78,20,8.05,few clouds
497,Havoysund,NO,2022-04-11 00:37:26,70.9963,24.6622,39.43,82,100,23.96,overcast clouds
498,Oranjemund,NA,2022-04-11 00:37:26,-28.55,16.4333,72.99,46,1,14.32,clear sky
499,Jiwani,PK,2022-04-11 00:37:27,25.05,61.7417,79.99,67,94,8.37,overcast clouds
500,Loandjili,CG,2022-04-11 00:37:27,-4.7561,11.8578,77.11,94,20,0.0,few clouds
501,Ajdabiya,LY,2022-04-11 00:37:27,30.7554,20.2263,60.94,66,0,12.91,clear sky
502,Le Moule,GP,2022-04-11 00:37:28,16.3332,-61.3473,77.04,100,9,11.16,clear sky
503,Namibe,AO,2022-04-11 00:37:28,-15.1961,12.1522,71.31,79,70,5.19,broken clouds
504,Santo Tomas,PH,2022-04-11 00:37:28,14.1079,121.1414,80.85,71,100,4.5,overcast clouds
505,Krasnoshchekovo,RU,2022-04-11 00:37:29,51.6708,82.7289,32.85,84,7,10.65,clear sky
506,Muromtsevo,RU,2022-04-11 00:37:29,56.3724,75.2418,26.04,93,24,4.43,few clouds
507,Veraval,IN,2022-04-11 00:34:31,20.9,70.3667,78.96,78,22,6.26,few clouds
508,Yanam,IN,2022-04-11 00:37:29,16.7333,82.2167,77.13,93,100,1.88,overcast clouds
509,Puerto Rico,AR,2022-04-11 00:37:30,-26.796,-55.024,67.46,99,100,2.77,overcast clouds
510,Slavutych,UA,2022-04-11 00:37:30,51.5196,30.7343,40.53,77,100,8.46,overcast clouds
511,Lyubech,UA,2022-04-11 00:37:30,51.7026,30.6569,40.57,77,100,6.96,overcast clouds
512,Wankaner,IN,2022-04-11 00:37:31,22.6167,70.9333,79.41,57,15,7.74,few clouds
513,Najran,SA,2022-04-11 00:37:31,17.4924,44.1277,70.45,23,0,1.03,clear sky
514,Irtyshskiy,RU,2022-04-11 00:37:31,58.3333,68.1333,28.92,87,100,7.31,overcast clouds
515,Sur,OM,2022-04-11 00:37:31,22.5667,59.5289,86.36,32,2,7.74,clear sky
516,Ostersund,SE,2022-04-11 00:38:32,63.1792,14.6357,34.61,80,20,28.77,few clouds
517,Leesburg,US,2022-04-11 00:36:16,39.1157,-77.5636,49.41,63,3,4.0,clear sky
518,Gewane,ET,2022-04-11 00:38:32,10.1664,40.6453,79.77,48,6,4.09,clear sky
519,Necocli,CO,2022-04-11 00:38:32,8.4234,-76.786,78.08,89,100,7.83,overcast clouds
520,Una,IN,2022-04-11 00:38:33,20.8167,71.0333,77.43,63,23,8.61,few clouds
521,Ocala,US,2022-04-11 00:38:33,29.1872,-82.1401,66.0,53,4,3.11,clear sky
522,Lamentin,GP,2022-04-11 00:36:39,16.271,-61.6312,76.86,78,20,4.61,few clouds
523,Inta,RU,2022-04-11 00:38:34,66.0317,60.1659,35.42,98,100,5.55,overcast clouds
524,Dwarka,IN,2022-04-11 00:38:34,22.2394,68.9678,79.43,81,100,11.48,overcast clouds
525,Maniwaki,CA,2022-04-11 00:38:34,46.3834,-75.966,37.78,56,14,6.91,few clouds
526,Saint-Augustin,CA,2022-04-11 00:38:34,51.226,-58.6502,35.04,91,100,11.21,overcast clouds
527,Reconquista,AR,2022-04-11 00:38:35,-29.15,-59.65,67.89,95,100,8.88,overcast clouds
528,Nuuk,GL,2022-04-11 00:38:35,64.1835,-51.7216,32.61,69,75,8.05,broken clouds
529,Pampas,PE,2022-04-11 00:38:35,-12.4,-74.9,49.08,94,84,2.35,broken clouds
530,Huarmey,PE,2022-04-11 00:34:54,-10.0681,-78.1522,68.86,87,56,7.96,broken clouds
531,Tucuma,BR,2022-04-11 00:38:36,-0.1833,-50.05,74.7,93,100,4.25,overcast clouds
532,Lerwick,GB,2022-04-11 00:38:36,60.1545,-1.1494,30.2,64,100,2.06,overcast clouds
533,Amapa,BR,2022-04-11 00:38:36,1.0,-52.0,71.56,99,100,1.21,overcast clouds
534,Deder,ET,2022-04-11 00:38:37,9.3167,41.45,55.45,79,10,3.38,light rain
535,Luquillo,PR,2022-04-11 00:38:37,18.3725,-65.7166,80.55,78,20,8.05,few clouds
536,Trairi,BR,2022-04-11 00:38:37,-3.2778,-39.2689,75.38,88,51,1.01,broken clouds
537,San Jose,US,2022-04-11 00:38:03,37.3394,-121.895,67.28,40,75,23.02,broken clouds
538,Kindu,CD,2022-04-11 00:38:38,-2.95,25.95,68.83,100,100,2.73,moderate rain
539,Colesberg,ZA,2022-04-11 00:38:38,-30.72,25.0972,52.27,80,100,9.13,overcast clouds
540,Andros Town,BS,2022-04-11 00:38:38,24.7,-77.7667,69.76,60,7,16.8,clear sky
541,Bloemhof,ZA,2022-04-11 00:38:38,-27.6469,25.607,54.64,94,100,8.7,light rain
542,Tres Arroyos,AR,2022-04-11 00:38:39,-38.3739,-60.2798,59.7,97,100,8.7,moderate rain
543,Mehamn,NO,2022-04-11 00:38:39,71.0357,27.8492,34.34,95,100,27.02,snow
544,Gidam,IN,2022-04-11 00:38:39,18.9833,81.4,75.29,67,100,1.54,overcast clouds
545,Westport,US,2022-04-11 00:38:40,41.1415,-73.3579,46.56,56,100,11.99,overcast clouds
546,Capreol,CA,2022-04-11 00:38:40,46.706,-80.9225,45.07,39,40,4.61,scattered clouds
547,Kula,TR,2022-04-11 00:38:40,38.5473,28.6498,49.06,69,0,10.92,clear sky
548,Beloha,MG,2022-04-11 00:38:41,-25.1667,45.05,72.25,84,65,17.43,broken clouds
549,Bandiagara,ML,2022-04-11 00:38:41,14.3501,-3.6104,86.5,11,51,4.88,broken clouds
550,Lindi,TZ,2022-04-11 00:38:41,-10.0,39.7167,71.44,97,22,4.61,few clouds
551,Bay Roberts,CA,2022-04-11 00:37:09,47.5999,-53.2648,35.06,94,100,8.99,overcast clouds
552,Noratus,AM,2022-04-11 00:38:42,40.3755,45.1772,41.7,59,0,5.35,clear sky
553,Jalu,LY,2022-04-11 00:38:42,29.0331,21.5482,66.38,30,0,18.07,clear sky
554,Paranhos,BR,2022-04-11 00:38:42,-23.8928,-55.4311,71.53,94,13,6.62,few clouds
555,Key Largo,US,2022-04-11 00:38:43,25.0865,-80.4473,71.98,62,0,16.8,clear sky
556,Oussouye,SN,2022-04-11 00:38:43,12.485,-16.5469,71.78,63,2,7.11,clear sky
557,Ongandjera,NA,2022-04-11 00:38:43,-17.8833,15.0667,73.8,37,62,6.11,broken clouds
558,Jaguaquara,BR,2022-04-11 00:35:45,-13.5306,-39.9708,65.14,98,12,2.62,few clouds
559,Garowe,SO,2022-04-11 00:38:44,8.4054,48.4845,72.45,92,7,5.44,clear sky
560,Ambovombe,MG,2022-04-11 00:38:44,-25.1667,46.0833,73.47,82,70,18.32,broken clouds
561,Sudislavl,RU,2022-04-11 00:38:44,57.8817,41.7083,36.39,95,100,7.14,overcast clouds
562,Placido De Castro,BR,2022-04-11 00:38:45,-10.3353,-67.1856,73.87,98,100,2.93,moderate rain
563,Shu,KZ,2022-04-11 00:39:45,43.5983,73.7614,54.64,60,100,4.52,overcast clouds
564,Phaltan,IN,2022-04-11 00:39:45,17.9833,74.4333,75.9,58,92,5.3,overcast clouds
565,Belyy Yar,RU,2022-04-11 00:39:46,53.6039,91.3903,25.86,67,0,0.0,clear sky
566,Pemba,MZ,2022-04-11 00:39:46,-12.974,40.5178,79.5,89,20,3.44,few clouds
567,Mpika,ZM,2022-04-11 00:39:46,-11.8343,31.4529,61.83,98,100,8.9,light rain
568,Taguatinga,BR,2022-04-11 00:39:47,-12.3857,-46.5711,79.93,41,47,2.21,scattered clouds
569,Lima,PE,2022-04-11 00:35:55,-12.0432,-77.0282,66.45,77,0,9.22,clear sky
570,Nioro,GM,2022-04-11 00:39:47,13.35,-15.75,79.27,26,1,8.19,clear sky
571,Talas,TR,2022-04-11 00:39:47,38.6908,35.5538,41.67,87,0,4.61,clear sky
572,Khandbari,NP,2022-04-11 00:39:48,27.3747,87.2039,68.29,61,38,2.04,scattered clouds
573,Muravlenko,RU,2022-04-11 00:39:48,63.7898,74.523,31.21,98,100,12.66,overcast clouds
574,Cordoba,AR,2022-04-11 00:37:23,-31.4135,-64.1811,73.24,88,40,8.05,scattered clouds
575,Hualmay,PE,2022-04-11 00:39:48,-11.0964,-77.6139,68.32,87,13,6.87,few clouds
576,Agadez,NE,2022-04-11 00:39:49,19.75,10.25,82.13,7,0,7.58,clear sky
577,Ebeltoft,DK,2022-04-11 00:39:49,56.1944,10.6821,35.62,80,40,9.22,scattered clouds
578,Richards Bay,ZA,2022-04-11 00:39:49,-28.783,32.0377,64.72,97,100,7.96,moderate rain
579,Sydney Mines,CA,2022-04-11 00:39:50,46.2367,-60.2177,35.91,97,100,19.57,light rain
580,Labrea,BR,2022-04-11 00:39:50,-7.2586,-64.7981,73.27,97,99,1.68,moderate rain
581,Igarka,RU,2022-04-11 00:39:50,67.4667,86.5833,-7.87,100,100,5.64,overcast clouds
582,Skibbereen,IE,2022-04-11 00:39:50,51.55,-9.2667,51.12,86,99,22.28,overcast clouds
583,Kjollefjord,NO,2022-04-11 00:39:51,70.9457,27.3465,39.25,93,100,27.09,overcast clouds
584,Worcester,US,2022-04-11 00:37:54,42.3334,-71.8328,44.51,61,100,14.97,overcast clouds
585,Eyl,SO,2022-04-11 00:39:51,7.9803,49.8164,81.95,71,100,8.88,overcast clouds
586,Kpandu,GH,2022-04-11 00:39:51,6.9954,0.2931,78.31,78,45,6.17,scattered clouds
587,Tarrafal,CV,2022-04-11 00:39:52,15.2833,-23.7667,70.59,81,47,15.77,scattered clouds
588,Tukrah,LY,2022-04-11 00:39:52,32.5341,20.5791,56.37,73,0,9.91,clear sky
589,Ijui,BR,2022-04-11 00:39:52,-28.3878,-53.9147,60.82,88,100,4.38,overcast clouds
590,Pompeu,BR,2022-04-11 00:39:53,-19.2244,-44.9353,72.55,70,41,3.6,scattered clouds
591,Kanye,BW,2022-04-11 00:39:53,-24.9667,25.3327,54.91,95,100,12.24,light rain
592,Corn Island,NI,2022-04-11 00:36:32,12.1694,-83.0418,81.12,73,25,18.07,scattered clouds
593,Korem,ET,2022-04-11 00:39:53,12.5058,39.5228,55.36,49,4,4.05,clear sky
594,Othaya,KE,2022-04-11 00:39:54,-0.5652,36.9609,57.58,94,65,1.9,broken clouds
595,Puerto Suarez,BO,2022-04-11 00:39:54,-18.95,-57.8,81.18,56,9,4.07,clear sky
596,Alghero,IT,2022-04-11 00:39:54,40.5589,8.3181,39.29,100,0,3.44,clear sky
597,Balkanabat,TM,2022-04-11 00:39:55,39.5108,54.3671,57.31,74,6,2.17,clear sky
598,Severouralsk,RU,2022-04-11 00:39:55,60.1533,59.952,34.29,99,100,4.85,overcast clouds
599,Bharatpur,IN,2022-04-11 00:35:00,27.2167,77.4833,83.75,13,2,3.53,clear sky
600,Praia Da Vitoria,PT,2022-04-11 00:39:55,38.7333,-27.0667,56.75,71,40,28.32,scattered clouds
601,Goma,CD,2022-04-11 00:39:56,-1.6792,29.2228,63.12,86,100,3.04,light rain
602,Corrente,BR,2022-04-11 00:39:56,-3.7367,-43.3394,72.39,99,100,2.71,overcast clouds
603,Calabozo,VE,2022-04-11 00:39:56,8.9242,-67.4293,89.02,40,100,0.56,overcast clouds
604,Razole,IN,2022-04-11 00:39:57,16.4833,81.8333,78.57,89,100,2.77,overcast clouds
605,Riohacha,CO,2022-04-11 00:39:57,11.5444,-72.9072,80.71,78,40,11.5,scattered clouds
606,Plettenberg Bay,ZA,2022-04-11 00:39:57,-34.0527,23.3716,63.9,75,4,4.12,clear sky
607,Banatsko Novo Selo,RS,2022-04-11 00:39:58,44.9907,20.7848,40.69,68,0,12.71,clear sky
608,Yabassi,CM,2022-04-11 00:40:58,4.457,9.9682,74.59,96,18,1.68,moderate rain
609,Mumbwa,ZM,2022-04-11 00:40:58,-14.9783,27.0619,60.33,98,92,4.0,overcast clouds
610,Cascais,PT,2022-04-11 00:37:53,38.6979,-9.4215,58.93,77,96,15.99,overcast clouds
611,Carutapera,BR,2022-04-11 00:40:59,-1.195,-46.02,75.67,92,99,4.92,light rain
612,Krasnoye,UA,2022-04-11 00:40:59,49.9145,24.6134,32.83,85,100,5.59,overcast clouds
613,Obidos,BR,2022-04-11 00:40:59,-1.9175,-55.5181,74.62,95,100,3.04,overcast clouds
614,Mocuba,MZ,2022-04-11 00:40:59,-16.8392,36.9856,68.47,99,40,3.83,scattered clouds
615,Lasa,IT,2022-04-11 00:39:31,46.6166,10.7002,38.28,52,14,2.68,few clouds
616,Peruibe,BR,2022-04-11 00:41:00,-24.32,-46.9983,70.52,94,70,2.48,broken clouds
617,Itupiranga,BR,2022-04-11 00:41:00,-5.1347,-49.3267,80.92,95,99,1.74,light rain
618,Koutiala,ML,2022-04-11 00:41:00,12.3917,-5.4642,93.9,27,79,6.35,broken clouds
619,Constitucion,CL,2022-04-11 00:41:01,-35.3333,-72.4167,48.51,86,1,8.95,clear sky
620,Aranos,NA,2022-04-11 00:41:01,-24.1333,19.1167,60.94,79,0,10.45,clear sky
621,Folldal,NO,2022-04-11 00:41:01,62.1325,9.9968,13.33,87,10,9.13,clear sky
622,Puerto Ayacucho,VE,2022-04-11 00:41:02,5.6639,-67.6236,79.39,79,99,4.07,overcast clouds
623,Crowthorne,GB,2022-04-11 00:37:39,51.3703,-0.7922,44.15,73,75,10.36,broken clouds
624,Paita,PE,2022-04-11 00:41:02,-5.0892,-81.1144,71.44,80,100,15.86,overcast clouds
625,Helena,US,2022-04-11 00:41:02,46.5927,-112.0361,38.39,40,75,12.66,broken clouds
626,Favara,IT,2022-04-11 00:41:03,37.3175,13.6623,40.05,78,1,8.08,clear sky
627,Vestmannaeyjar,IS,2022-04-11 00:41:03,63.4427,-20.2734,39.18,78,100,24.36,overcast clouds
628,Lentini,IT,2022-04-11 00:41:03,37.2855,14.9996,51.19,81,0,8.05,clear sky
629,Kishtwar,IN,2022-04-11 00:41:04,33.3167,75.7667,55.15,42,8,6.11,clear sky
630,Terrasini,IT,2022-04-11 00:41:04,38.146,13.0844,51.37,72,0,4.61,clear sky
631,Natal,BR,2022-04-11 00:41:05,-5.795,-35.2094,82.62,83,20,8.05,few clouds
632,Springbok,ZA,2022-04-11 00:41:05,-29.6643,17.8865,60.53,53,6,7.25,clear sky
633,Noamundi,IN,2022-04-11 00:41:05,22.15,85.5333,79.54,41,20,3.96,few clouds
634,Abalak,RU,2022-04-11 00:41:06,58.1286,68.5944,27.82,89,100,5.86,overcast clouds
635,Jardim,BR,2022-04-11 00:41:06,-21.4803,-56.1381,79.21,60,30,3.91,scattered clouds
636,Altamira,BR,2022-04-11 00:41:06,-3.2033,-52.2064,73.2,98,100,2.35,overcast clouds
637,Lebyazhye,RU,2022-04-11 00:41:07,55.2689,66.4947,37.09,70,100,12.24,overcast clouds
638,Parnaiba,BR,2022-04-11 00:41:07,-2.9047,-41.7767,74.89,92,100,5.12,overcast clouds
639,Pimentel,PE,2022-04-11 00:41:07,-6.8367,-79.9342,68.81,87,91,14.63,overcast clouds
640,Ampanihy,MG,2022-04-11 00:41:08,-24.7,44.75,70.99,85,83,12.68,broken clouds
641,Sapouy,BF,2022-04-11 00:41:08,11.5544,-1.7736,87.58,37,15,6.26,few clouds
642,Panaba,MX,2022-04-11 00:41:08,21.2833,-88.2667,75.74,50,27,14.43,scattered clouds
643,Mudkhed,IN,2022-04-11 00:41:09,19.1667,77.5167,87.64,33,72,4.7,broken clouds
644,Maragogi,BR,2022-04-11 00:41:09,-9.0122,-35.2225,78.03,76,9,6.62,clear sky
645,Abnub,EG,2022-04-11 00:41:09,27.2696,31.1511,71.82,25,5,5.82,clear sky
646,Kemijarvi,FI,2022-04-11 00:41:10,66.7131,27.4306,22.6,97,83,2.93,broken clouds
647,Teruel,ES,2022-04-11 00:41:10,40.6667,-0.6667,42.48,84,20,9.55,few clouds
648,Iralaya,HN,2022-04-11 00:37:46,15.0,-83.2333,77.85,84,28,12.39,scattered clouds
649,Zhuravky,UA,2022-04-11 00:41:11,45.1294,35.2183,51.17,70,88,4.63,overcast clouds
650,Boston,US,2022-04-11 00:39:26,42.3584,-71.0598,48.38,60,100,11.99,overcast clouds
651,Camacupa,AO,2022-04-11 00:41:12,-12.0167,17.4833,60.84,99,100,3.47,overcast clouds
652,Mbabane,SZ,2022-04-11 00:41:12,-26.3167,31.1333,56.08,99,100,1.63,overcast clouds
653,Biltine,TD,2022-04-11 00:41:13,14.5333,20.9167,84.56,18,100,7.43,overcast clouds
654,Severnoye,RU,2022-04-11 00:41:13,56.3491,78.3619,21.58,92,25,3.6,scattered clouds
655,Rehnan,IR,2022-04-11 00:41:13,32.6846,51.6013,44.11,17,9,2.91,clear sky
656,Umm Kaddadah,SD,2022-04-11 00:41:14,13.6017,26.6876,80.82,9,42,12.57,scattered clouds
657,Svetlogorsk,BY,2022-04-11 00:42:14,52.6333,29.7333,38.77,72,100,6.76,overcast clouds
658,Nordfjordeid,NO,2022-04-11 00:42:14,61.9063,5.9915,36.95,86,100,1.14,light snow
659,Aliwal North,ZA,2022-04-11 00:42:15,-30.6937,26.7114,52.5,82,100,3.58,overcast clouds
660,Wamba,NG,2022-04-11 00:42:15,8.9333,8.6,77.61,63,34,2.68,scattered clouds
661,Bunda,TZ,2022-04-11 00:42:16,-2.05,33.8667,65.98,74,71,4.21,broken clouds
662,Ilhabela,BR,2022-04-11 00:42:16,-23.7781,-45.3581,73.51,88,15,3.83,few clouds
663,Gayeri,BF,2022-04-11 00:42:16,12.6497,0.4931,90.84,31,100,12.35,overcast clouds
664,Alanya,TR,2022-04-11 00:42:17,36.5438,31.9998,53.73,73,15,6.91,few clouds
665,Rosario,AR,2022-04-11 00:42:00,-32.9468,-60.6393,67.95,97,100,12.66,thunderstorm with rain
666,Deep River,CA,2022-04-11 00:41:42,46.1001,-77.4995,38.43,83,98,3.98,overcast clouds
667,Yurginskoye,RU,2022-04-11 00:42:17,56.8189,67.3921,30.07,83,95,7.52,overcast clouds
668,Parati,BR,2022-04-11 00:42:18,-23.2178,-44.7131,71.31,95,31,1.97,scattered clouds
669,Teofilo Otoni,BR,2022-04-11 00:42:18,-17.8575,-41.5053,70.7,95,100,0.6,overcast clouds
670,Zabol,AF,2022-04-11 00:42:18,32.25,67.25,61.59,15,67,3.02,broken clouds
671,Kikwit,CD,2022-04-11 00:42:19,-5.041,18.8162,72.68,88,100,1.97,overcast clouds
672,Tolosa,FR,2022-04-11 00:42:19,43.6043,1.4437,53.58,91,75,19.57,broken clouds
673,Gracac,HR,2022-04-11 00:42:19,44.3006,15.8547,28.15,90,28,5.97,scattered clouds
674,Corbelia,BR,2022-04-11 00:42:20,-24.7989,-53.3067,76.35,90,100,3.49,overcast clouds
675,Denia,ES,2022-04-11 00:42:20,38.8408,0.1057,58.8,88,79,1.01,broken clouds
676,San,ML,2022-04-11 00:42:21,13.3034,-4.8956,94.17,25,82,11.95,broken clouds
677,Dingle,PH,2022-04-11 00:42:21,10.9995,122.6711,72.21,96,100,15.03,heavy intensity rain
678,Staryy Nadym,RU,2022-04-11 00:42:22,65.6118,72.6842,33.53,100,100,9.86,overcast clouds
679,Leh,IN,2022-04-11 00:42:22,34.1667,77.5833,28.0,52,21,4.97,few clouds
680,Vysha,RU,2022-04-11 00:42:22,53.8477,42.3777,48.61,89,100,7.09,overcast clouds
681,Maarianhamina,AX,2022-04-11 00:42:23,60.0973,19.9348,40.86,52,0,9.22,clear sky
682,Rawson,AR,2022-04-11 00:42:23,-43.3002,-65.1023,54.25,65,76,8.28,broken clouds
683,Sergeyevka,KZ,2022-04-11 00:42:23,53.88,67.4158,39.29,60,100,13.4,overcast clouds
684,Skelleftea,SE,2022-04-11 00:42:24,64.7507,20.9528,30.56,93,100,8.05,overcast clouds
685,Ormond Beach,US,2022-04-11 00:38:36,29.2858,-81.0559,65.01,51,0,3.0,clear sky
686,Soubre,CI,2022-04-11 00:42:24,5.7856,-6.6083,75.24,96,90,1.59,overcast clouds
687,San Juan,AR,2022-04-11 00:42:24,-31.5375,-68.5364,58.59,62,0,10.6,clear sky
688,Kempele,FI,2022-04-11 00:42:25,64.9131,25.5034,32.13,93,75,3.44,broken clouds
689,Maceio,BR,2022-04-11 00:42:25,-9.6658,-35.7353,74.64,88,0,5.75,clear sky
690,Srivardhan,IN,2022-04-11 00:42:25,18.0333,73.0167,78.06,86,100,3.2,overcast clouds
691,Kinshasa,CD,2022-04-11 00:40:01,-4.3246,15.3215,73.76,94,100,0.29,light rain
692,Salinopolis,BR,2022-04-11 00:42:26,-0.6136,-47.3561,77.13,88,100,4.68,overcast clouds
693,Lannion,FR,2022-04-11 00:42:26,48.75,-3.4167,47.68,74,0,11.5,clear sky
694,Sept-Iles,CA,2022-04-11 00:42:27,50.2001,-66.3821,36.12,91,75,3.44,broken clouds
695,Cumberland,US,2022-04-11 00:37:34,35.0502,-78.8664,61.02,37,0,4.61,clear sky
696,Bekes,HU,2022-04-11 00:42:27,46.75,21.0,36.75,88,27,8.32,scattered clouds
697,Cuamba,MZ,2022-04-11 00:42:28,-14.8031,36.5372,63.46,97,6,2.86,clear sky
698,Sokolo,ML,2022-04-11 00:42:28,14.7328,-6.1219,89.33,10,18,8.55,few clouds
699,Filadelfia,US,2022-04-11 00:41:39,39.9523,-75.1638,48.45,47,75,14.97,broken clouds
700,Malatya,TR,2022-04-11 00:42:28,38.5,38.0,41.05,70,0,5.75,clear sky
701,Borba,BR,2022-04-11 00:42:29,-4.3878,-59.5939,71.49,98,100,2.28,overcast clouds
702,Teguise,ES,2022-04-11 00:42:29,29.0605,-13.564,59.22,72,0,3.44,clear sky
703,Riacho De Santana,BR,2022-04-11 00:43:29,-13.6092,-42.9389,76.08,39,21,4.29,few clouds
704,Shihezi,CN,2022-04-11 00:43:30,44.3,86.0333,54.79,34,7,4.81,clear sky
705,Olavarria,AR,2022-04-11 00:43:30,-36.8927,-60.3225,61.02,99,100,2.75,overcast clouds
706,Yurimaguas,PE,2022-04-11 00:43:30,-5.9,-76.0833,73.6,95,98,1.92,overcast clouds
707,Osakarovka,KZ,2022-04-11 00:43:31,50.565,72.5692,31.41,62,100,16.84,overcast clouds
708,Tocopilla,CL,2022-04-11 00:43:31,-22.092,-70.1979,65.48,70,12,9.13,few clouds
709,Puerto Leguizamo,CO,2022-04-11 00:43:31,-0.1934,-74.7819,70.65,99,100,0.72,overcast clouds
710,Fort Wellington,GY,2022-04-11 00:43:32,6.4,-57.6,77.58,84,67,11.48,broken clouds
711,Kaspiyskiy,RU,2022-04-11 00:43:32,45.3929,47.3707,51.03,76,22,8.97,few clouds
712,Kasama,ZM,2022-04-11 00:43:32,-10.2129,31.1808,60.94,99,99,3.74,light rain
713,Goiana,BR,2022-04-11 00:43:34,-7.5606,-35.0025,79.32,84,16,5.06,few clouds
714,Luena,AO,2022-04-11 00:43:34,-11.7833,19.9167,61.02,95,100,2.3,overcast clouds
715,Abha,SA,2022-04-11 00:42:12,18.2164,42.5053,60.62,44,0,0.0,clear sky
716,Bogo,PH,2022-04-11 00:43:34,11.0517,124.0055,73.53,94,100,31.76,extreme rain
717,The Valley,AI,2022-04-11 00:38:35,18.217,-63.0578,78.66,75,12,10.83,few clouds
718,Sao Gabriel Da Cachoeira,BR,2022-04-11 00:43:35,-0.1303,-67.0892,73.76,97,38,0.43,scattered clouds
719,Tikapur,NP,2022-04-11 00:43:35,28.5,81.1333,76.1,29,0,5.32,clear sky
720,Markdorf,DE,2022-04-11 00:43:35,47.7167,9.4,36.97,82,99,6.91,overcast clouds
721,Tamale,GH,2022-04-11 00:43:36,9.4008,-0.8393,86.23,48,92,8.23,overcast clouds
722,Sakaraha,MG,2022-04-11 00:43:36,-22.9,44.5333,69.82,71,24,6.44,few clouds
